Nome,Ano,Problema,Interpretação,Estratégia,Cálculo/Técnica,Resposta
Estudante 1,6,"Thiago é um pequeno comerciante. Ele trabalha de segunda a sexta-feira vendendo água e doces. Na semana passada, ele arrecadou R$ 12,00 por dia de trabalho. Desse valor, ele usou R$ 15,00 para comprar água e doces para vender na semana seguinte e o que sobrou ele deu para seus três irmãos. Quanto cada irmão de Thiago recebeu?","Thiago tem um gasto de 15 reais e ganha 12 reais por dia, e tem 3 irmãos.","Ver quanto ele ganha, tirar o gasto e dividir.",12 x 5 = 60; 60 - 15 = 45; 45 / 3 = 15,"Cada irmão recebeu R$15,00."
Estudante 2,9,"Thiago é um pequeno comerciante. Ele trabalha de segunda a sexta-feira vendendo água e doces. Na semana passada, ele arrecadou R$ 12,00 por dia de trabalho. Desse valor, ele usou R$ 15,00 para comprar água e doces para vender na semana seguinte e o que sobrou ele deu para seus três irmãos. Quanto cada irmão de Thiago recebeu?","Thiago trabalha 5 dias, ganha 12 por dia, tira 15 e divide o que sobra por 3.","Ver quanto ele ganha, tirar o gasto e dividir.",12 x 5 = 60; 60 - 15 = 45; 45 / 3 = 15,"Cada irmão recebeu -R$1,00."
Estudante 3,8,"Thiago é um pequeno comerciante. Ele trabalha de segunda a sexta-feira vendendo água e doces. Na semana passada, ele arrecadou R$ 12,00 por dia de trabalho. Desse valor, ele usou R$ 15,00 para comprar água e doces para vender na semana seguinte e o que sobrou ele deu para seus três irmãos. Quanto cada irmão de Thiago recebeu?","Thiago trabalha 5 dias na semana e ganha 12 reais por dia, gasta 15 reais para comprar água e doces e divide o que sobra entre seus 3 irmãos.","Somar tudo, tirar 15 e dividir por 3.",12 x 5 = 60; 60 - 15 = 45; 45 / 3 = 15,"Cada irmão recebeu R$0,66."
Estudante 4,6,"Thiago é um pequeno comerciante. Ele trabalha de segunda a sexta-feira vendendo água e doces. Na semana passada, ele arrecadou R$ 12,00 por dia de trabalho. Desse valor, ele usou R$ 15,00 para comprar água e doces para vender na semana seguinte e o que sobrou ele deu para seus três irmãos. Quanto cada irmão de Thiago recebeu?",Thiago ganha 12 reais por dia de segunda a sexta e gasta 15 reais para comprar água e doces e divide o que sobra entre seus 3 irmãos.,"Calcular o total ganho na semana, subtrair o gasto com compras e dividir o valor restante por 3.",12 x 5 = 60; 60 - 15 = 45; 45 / 3 = 15,"Cada irmão recebeu -R$1,00."
Estudante 5,7,"Thiago é um pequeno comerciante. Ele trabalha de segunda a sexta-feira vendendo água e doces. Na semana passada, ele arrecadou R$ 12,00 por dia de trabalho. Desse valor, ele usou R$ 15,00 para comprar água e doces para vender na semana seguinte e o que sobrou ele deu para seus três irmãos. Quanto cada irmão de Thiago recebeu?",Thiago ganha 12 reais por dia de segunda a sexta e gasta 15 reais para comprar água e doces e divide o que sobra entre seus 3 irmãos.,"Calcular o total ganho na semana, subtrair o gasto com compras e dividir o valor restante por 3.",12 x 5 = 60; 60 - 15 = 45; 45 / 3 = 15,"Cada irmão recebeu R$15,00."
Estudante 6,7,"Thiago é um pequeno comerciante. Ele trabalha de segunda a sexta-feira vendendo água e doces. Na semana passada, ele arrecadou R$ 12,00 por dia de trabalho. Desse valor, ele usou R$ 15,00 para comprar água e doces para vender na semana seguinte e o que sobrou ele deu para seus três irmãos. Quanto cada irmão de Thiago recebeu?","Thiago tem um gasto de 15 reais e ganha 12 reais por dia, e tem 3 irmãos.","Calcular o total ganho na semana, subtrair o gasto com compras e dividir o valor restante por 3.",12 x 5 = 60; 60 - 15 = 45; 45 / 3 = 15,"Cada irmão recebeu -R$1,00."
Estudante 7,7,"Thiago é um pequeno comerciante. Ele trabalha de segunda a sexta-feira vendendo água e doces. Na semana passada, ele arrecadou R$ 12,00 por dia de trabalho. Desse valor, ele usou R$ 15,00 para comprar água e doces para vender na semana seguinte e o que sobrou ele deu para seus três irmãos. Quanto cada irmão de Thiago recebeu?","Thiago tem um gasto de 15 reais e ganha 12 reais por dia, e tem 3 irmãos.","Multiplicar 12 por 5, subtrair 15 e dividir por 3.",12 x 5 = 60; 60 - 15 = 45; 45 / 3 = 15,"Cada irmão recebeu R$15,00."
Estudante 8,6,"Thiago é um pequeno comerciante. Ele trabalha de segunda a sexta-feira vendendo água e doces. Na semana passada, ele arrecadou R$ 12,00 por dia de trabalho. Desse valor, ele usou R$ 15,00 para comprar água e doces para vender na semana seguinte e o que sobrou ele deu para seus três irmãos. Quanto cada irmão de Thiago recebeu?","Thiago tem um gasto de 15 reais e ganha 12 reais por dia, e tem 3 irmãos.","Multiplicar 12 por 5, subtrair 15 e dividir por 3.",12 x 5 = 60; 60 - 15 = 45; 45 / 3 = 15,"Cada irmão recebeu -R$1,00."
Estudante 9,6,"Thiago é um pequeno comerciante. Ele trabalha de segunda a sexta-feira vendendo água e doces. Na semana passada, ele arrecadou R$ 12,00 por dia de trabalho. Desse valor, ele usou R$ 15,00 para comprar água e doces para vender na semana seguinte e o que sobrou ele deu para seus três irmãos. Quanto cada irmão de Thiago recebeu?","Thiago trabalha 5 dias, ganha 12 por dia, tira 15 e divide o que sobra por 3.","Calcular o total ganho na semana, subtrair o gasto com compras e dividir o valor restante por 3.",12 x 5 = 60; 60 - 15 = 45; 45 / 3 = 15,"Cada irmão recebeu R$15,00."
Estudante 10,8,"Thiago é um pequeno comerciante. Ele trabalha de segunda a sexta-feira vendendo água e doces. Na semana passada, ele arrecadou R$ 12,00 por dia de trabalho. Desse valor, ele usou R$ 15,00 para comprar água e doces para vender na semana seguinte e o que sobrou ele deu para seus três irmãos. Quanto cada irmão de Thiago recebeu?","Thiago trabalha 5 dias na semana e ganha 12 reais por dia, gasta 15 reais para comprar água e doces e divide o que sobra entre seus 3 irmãos.","Calcular o total ganho na semana, subtrair o gasto com compras e dividir o valor restante por 3.",12 x 5 = 60; 60 - 15 = 45; 45 / 3 = 15,"Cada irmão recebeu R$15,00."
Estudante 11,6,"Thiago é um pequeno comerciante. Ele trabalha de segunda a sexta-feira vendendo água e doces. Na semana passada, ele arrecadou R$ 12,00 por dia de trabalho. Desse valor, ele usou R$ 15,00 para comprar água e doces para vender na semana seguinte e o que sobrou ele deu para seus três irmãos. Quanto cada irmão de Thiago recebeu?",Thiago ganha 12 reais por dia de segunda a sexta e gasta 15 reais para comprar água e doces e divide o que sobra entre seus 3 irmãos.,"Multiplicar 12 por 5, subtrair 15 e dividir por 3.",12 x 5 = 60; 60 - 15 = 45; 45 / 3 = 15,"Cada irmão recebeu R$15,00."
Estudante 12,9,"Thiago é um pequeno comerciante. Ele trabalha de segunda a sexta-feira vendendo água e doces. Na semana passada, ele arrecadou R$ 12,00 por dia de trabalho. Desse valor, ele usou R$ 15,00 para comprar água e doces para vender na semana seguinte e o que sobrou ele deu para seus três irmãos. Quanto cada irmão de Thiago recebeu?","Thiago vende água e doces, ganha 12 reais por dia, gasta 15 e divide o resto.","Calcular o total ganho na semana, subtrair o gasto com compras e dividir o valor restante por 3.",12 x 5 = 60; 60 - 15 = 45; 45 / 3 = 15,"Cada irmão recebeu -R$1,00."
Estudante 13,9,"Thiago é um pequeno comerciante. Ele trabalha de segunda a sexta-feira vendendo água e doces. Na semana passada, ele arrecadou R$ 12,00 por dia de trabalho. Desse valor, ele usou R$ 15,00 para comprar água e doces para vender na semana seguinte e o que sobrou ele deu para seus três irmãos. Quanto cada irmão de Thiago recebeu?",Thiago ganha 12 reais por dia de segunda a sexta e gasta 15 reais para comprar água e doces e divide o que sobra entre seus 3 irmãos.,"Ver quanto ele ganha, tirar o gasto e dividir.","12 + 5 = 17; 17 - 15 = 2; 2 / 3 = 0,66","Cada irmão recebeu R$15,00."
Estudante 14,9,"Thiago é um pequeno comerciante. Ele trabalha de segunda a sexta-feira vendendo água e doces. Na semana passada, ele arrecadou R$ 12,00 por dia de trabalho. Desse valor, ele usou R$ 15,00 para comprar água e doces para vender na semana seguinte e o que sobrou ele deu para seus três irmãos. Quanto cada irmão de Thiago recebeu?","Thiago tem um gasto de 15 reais e ganha 12 reais por dia, e tem 3 irmãos.","Multiplicar 12 por 5, subtrair 15 e dividir por 3.",12 x 5 = 60; 60 - 15 = 45; 45 / 3 = 15,"Cada irmão recebeu R$15,00."
Estudante 15,7,"Thiago é um pequeno comerciante. Ele trabalha de segunda a sexta-feira vendendo água e doces. Na semana passada, ele arrecadou R$ 12,00 por dia de trabalho. Desse valor, ele usou R$ 15,00 para comprar água e doces para vender na semana seguinte e o que sobrou ele deu para seus três irmãos. Quanto cada irmão de Thiago recebeu?","Thiago tem um gasto de 15 reais e ganha 12 reais por dia, e tem 3 irmãos.","Multiplicar 12 por 5, subtrair 15 e dividir por 3.",12 - 15 = -3; -3 / 3 = -1,"Cada irmão recebeu R$15,00."
Estudante 16,9,"Thiago é um pequeno comerciante. Ele trabalha de segunda a sexta-feira vendendo água e doces. Na semana passada, ele arrecadou R$ 12,00 por dia de trabalho. Desse valor, ele usou R$ 15,00 para comprar água e doces para vender na semana seguinte e o que sobrou ele deu para seus três irmãos. Quanto cada irmão de Thiago recebeu?","Thiago trabalha 5 dias na semana e ganha 12 reais por dia, gasta 15 reais para comprar água e doces e divide o que sobra entre seus 3 irmãos.","Calcular o total ganho na semana, subtrair o gasto com compras e dividir o valor restante por 3.",12 - 15 = -3; -3 / 3 = -1,"Cada irmão recebeu R$0,66."
Estudante 17,6,"Thiago é um pequeno comerciante. Ele trabalha de segunda a sexta-feira vendendo água e doces. Na semana passada, ele arrecadou R$ 12,00 por dia de trabalho. Desse valor, ele usou R$ 15,00 para comprar água e doces para vender na semana seguinte e o que sobrou ele deu para seus três irmãos. Quanto cada irmão de Thiago recebeu?",Thiago ganha 12 reais por dia de segunda a sexta e gasta 15 reais para comprar água e doces e divide o que sobra entre seus 3 irmãos.,"Ver quanto ele ganha, tirar o gasto e dividir.",12 - 15 = -3; -3 / 3 = -1,"Cada irmão recebeu R$15,00."
Estudante 18,9,"Thiago é um pequeno comerciante. Ele trabalha de segunda a sexta-feira vendendo água e doces. Na semana passada, ele arrecadou R$ 12,00 por dia de trabalho. Desse valor, ele usou R$ 15,00 para comprar água e doces para vender na semana seguinte e o que sobrou ele deu para seus três irmãos. Quanto cada irmão de Thiago recebeu?",Thiago ganha 12 reais por dia de segunda a sexta e gasta 15 reais para comprar água e doces e divide o que sobra entre seus 3 irmãos.,"Calcular o total ganho na semana, subtrair o gasto com compras e dividir o valor restante por 3.",12 x 5 = 60; 60 - 15 = 45; 45 / 3 = 15,"Cada irmão recebeu R$15,00."
Estudante 19,8,"Thiago é um pequeno comerciante. Ele trabalha de segunda a sexta-feira vendendo água e doces. Na semana passada, ele arrecadou R$ 12,00 por dia de trabalho. Desse valor, ele usou R$ 15,00 para comprar água e doces para vender na semana seguinte e o que sobrou ele deu para seus três irmãos. Quanto cada irmão de Thiago recebeu?","Thiago trabalha 5 dias na semana e ganha 12 reais por dia, gasta 15 reais para comprar água e doces e divide o que sobra entre seus 3 irmãos.","Ver quanto ele ganha, tirar o gasto e dividir.",12 x 5 = 60; 60 - 15 = 45; 45 / 3 = 15,"Cada irmão recebeu R$15,00."
Estudante 20,9,"Thiago é um pequeno comerciante. Ele trabalha de segunda a sexta-feira vendendo água e doces. Na semana passada, ele arrecadou R$ 12,00 por dia de trabalho. Desse valor, ele usou R$ 15,00 para comprar água e doces para vender na semana seguinte e o que sobrou ele deu para seus três irmãos. Quanto cada irmão de Thiago recebeu?","Thiago tem um gasto de 15 reais e ganha 12 reais por dia, e tem 3 irmãos.","Calcular o total ganho na semana, subtrair o gasto com compras e dividir o valor restante por 3.","12 + 5 = 17; 17 - 15 = 2; 2 / 3 = 0,66","Cada irmão recebeu R$15,00."
Estudante 21,9,"Thiago é um pequeno comerciante. Ele trabalha de segunda a sexta-feira vendendo água e doces. Na semana passada, ele arrecadou R$ 12,00 por dia de trabalho. Desse valor, ele usou R$ 15,00 para comprar água e doces para vender na semana seguinte e o que sobrou ele deu para seus três irmãos. Quanto cada irmão de Thiago recebeu?","Thiago vende água e doces, ganha 12 reais por dia, gasta 15 e divide o resto.","Calcular o total ganho na semana, subtrair o gasto com compras e dividir o valor restante por 3.","12 + 5 = 17; 17 - 15 = 2; 2 / 3 = 0,66","Cada irmão recebeu R$15,00."
Estudante 22,6,"Thiago é um pequeno comerciante. Ele trabalha de segunda a sexta-feira vendendo água e doces. Na semana passada, ele arrecadou R$ 12,00 por dia de trabalho. Desse valor, ele usou R$ 15,00 para comprar água e doces para vender na semana seguinte e o que sobrou ele deu para seus três irmãos. Quanto cada irmão de Thiago recebeu?",Thiago ganha 12 reais por dia de segunda a sexta e gasta 15 reais para comprar água e doces e divide o que sobra entre seus 3 irmãos.,"Calcular o total ganho na semana, subtrair o gasto com compras e dividir o valor restante por 3.",12 x 5 = 60; 60 - 15 = 45; 45 / 3 = 15,"Cada irmão recebeu R$15,00."
Estudante 23,6,"Thiago é um pequeno comerciante. Ele trabalha de segunda a sexta-feira vendendo água e doces. Na semana passada, ele arrecadou R$ 12,00 por dia de trabalho. Desse valor, ele usou R$ 15,00 para comprar água e doces para vender na semana seguinte e o que sobrou ele deu para seus três irmãos. Quanto cada irmão de Thiago recebeu?","Thiago tem um gasto de 15 reais e ganha 12 reais por dia, e tem 3 irmãos.","Ver quanto ele ganha, tirar o gasto e dividir.","12 + 5 = 17; 17 - 15 = 2; 2 / 3 = 0,66","Cada irmão recebeu R$15,00."
Estudante 24,7,"Thiago é um pequeno comerciante. Ele trabalha de segunda a sexta-feira vendendo água e doces. Na semana passada, ele arrecadou R$ 12,00 por dia de trabalho. Desse valor, ele usou R$ 15,00 para comprar água e doces para vender na semana seguinte e o que sobrou ele deu para seus três irmãos. Quanto cada irmão de Thiago recebeu?",Thiago ganha 12 reais por dia de segunda a sexta e gasta 15 reais para comprar água e doces e divide o que sobra entre seus 3 irmãos.,"Multiplicar 12 por 5, subtrair 15 e dividir por 3.",12 - 15 = -3; -3 / 3 = -1,"Cada irmão recebeu R$15,00."
Estudante 25,7,"Thiago é um pequeno comerciante. Ele trabalha de segunda a sexta-feira vendendo água e doces. Na semana passada, ele arrecadou R$ 12,00 por dia de trabalho. Desse valor, ele usou R$ 15,00 para comprar água e doces para vender na semana seguinte e o que sobrou ele deu para seus três irmãos. Quanto cada irmão de Thiago recebeu?","Thiago vende água e doces, ganha 12 reais por dia, gasta 15 e divide o resto.","Somar tudo, tirar 15 e dividir por 3.","12 + 5 = 17; 17 - 15 = 2; 2 / 3 = 0,66","Cada irmão recebeu R$0,66."
Estudante 26,9,"Thiago é um pequeno comerciante. Ele trabalha de segunda a sexta-feira vendendo água e doces. Na semana passada, ele arrecadou R$ 12,00 por dia de trabalho. Desse valor, ele usou R$ 15,00 para comprar água e doces para vender na semana seguinte e o que sobrou ele deu para seus três irmãos. Quanto cada irmão de Thiago recebeu?",Thiago ganha 12 reais por dia de segunda a sexta e gasta 15 reais para comprar água e doces e divide o que sobra entre seus 3 irmãos.,"Calcular o total ganho na semana, subtrair o gasto com compras e dividir o valor restante por 3.",12 - 15 = -3; -3 / 3 = -1,"Cada irmão recebeu -R$1,00."
Estudante 27,6,"Thiago é um pequeno comerciante. Ele trabalha de segunda a sexta-feira vendendo água e doces. Na semana passada, ele arrecadou R$ 12,00 por dia de trabalho. Desse valor, ele usou R$ 15,00 para comprar água e doces para vender na semana seguinte e o que sobrou ele deu para seus três irmãos. Quanto cada irmão de Thiago recebeu?","Thiago vende água e doces, ganha 12 reais por dia, gasta 15 e divide o resto.","Somar tudo, tirar 15 e dividir por 3.",12 x 5 = 60; 60 - 15 = 45; 45 / 3 = 15,"Cada irmão recebeu R$0,66."
Estudante 28,6,"Thiago é um pequeno comerciante. Ele trabalha de segunda a sexta-feira vendendo água e doces. Na semana passada, ele arrecadou R$ 12,00 por dia de trabalho. Desse valor, ele usou R$ 15,00 para comprar água e doces para vender na semana seguinte e o que sobrou ele deu para seus três irmãos. Quanto cada irmão de Thiago recebeu?","Thiago tem um gasto de 15 reais e ganha 12 reais por dia, e tem 3 irmãos.","Ver quanto ele ganha, tirar o gasto e dividir.",12 x 5 = 60; 60 - 15 = 45; 45 / 3 = 15,"Cada irmão recebeu R$0,66."
Estudante 29,9,"Thiago é um pequeno comerciante. Ele trabalha de segunda a sexta-feira vendendo água e doces. Na semana passada, ele arrecadou R$ 12,00 por dia de trabalho. Desse valor, ele usou R$ 15,00 para comprar água e doces para vender na semana seguinte e o que sobrou ele deu para seus três irmãos. Quanto cada irmão de Thiago recebeu?","Thiago tem um gasto de 15 reais e ganha 12 reais por dia, e tem 3 irmãos.","Multiplicar 12 por 5, subtrair 15 e dividir por 3.",12 x 5 = 60; 60 - 15 = 45; 45 / 3 = 15,"Cada irmão recebeu R$15,00."
Estudante 30,8,"Thiago é um pequeno comerciante. Ele trabalha de segunda a sexta-feira vendendo água e doces. Na semana passada, ele arrecadou R$ 12,00 por dia de trabalho. Desse valor, ele usou R$ 15,00 para comprar água e doces para vender na semana seguinte e o que sobrou ele deu para seus três irmãos. Quanto cada irmão de Thiago recebeu?","Thiago vende água e doces, ganha 12 reais por dia, gasta 15 e divide o resto.","Calcular o total ganho na semana, subtrair o gasto com compras e dividir o valor restante por 3.",12 x 5 = 60; 60 - 15 = 45; 45 / 3 = 15,"Cada irmão recebeu R$15,00."
Estudante 31,8,"Thiago é um pequeno comerciante. Ele trabalha de segunda a sexta-feira vendendo água e doces. Na semana passada, ele arrecadou R$ 12,00 por dia de trabalho. Desse valor, ele usou R$ 15,00 para comprar água e doces para vender na semana seguinte e o que sobrou ele deu para seus três irmãos. Quanto cada irmão de Thiago recebeu?","Thiago trabalha 5 dias, ganha 12 por dia, tira 15 e divide o que sobra por 3.","Calcular o total ganho na semana, subtrair o gasto com compras e dividir o valor restante por 3.",12 x 5 = 60; 60 - 15 = 45; 45 / 3 = 15,"Cada irmão recebeu R$15,00."
Estudante 32,8,"Thiago é um pequeno comerciante. Ele trabalha de segunda a sexta-feira vendendo água e doces. Na semana passada, ele arrecadou R$ 12,00 por dia de trabalho. Desse valor, ele usou R$ 15,00 para comprar água e doces para vender na semana seguinte e o que sobrou ele deu para seus três irmãos. Quanto cada irmão de Thiago recebeu?","Thiago vende água e doces, ganha 12 reais por dia, gasta 15 e divide o resto.","Multiplicar 12 por 5, subtrair 15 e dividir por 3.",12 x 5 = 60; 60 - 15 = 45; 45 / 3 = 15,"Cada irmão recebeu -R$1,00."
Estudante 33,6,"Thiago é um pequeno comerciante. Ele trabalha de segunda a sexta-feira vendendo água e doces. Na semana passada, ele arrecadou R$ 12,00 por dia de trabalho. Desse valor, ele usou R$ 15,00 para comprar água e doces para vender na semana seguinte e o que sobrou ele deu para seus três irmãos. Quanto cada irmão de Thiago recebeu?","Thiago vende água e doces, ganha 12 reais por dia, gasta 15 e divide o resto.","Somar tudo, tirar 15 e dividir por 3.","12 + 5 = 17; 17 - 15 = 2; 2 / 3 = 0,66","Cada irmão recebeu R$15,00."
Estudante 34,6,"Thiago é um pequeno comerciante. Ele trabalha de segunda a sexta-feira vendendo água e doces. Na semana passada, ele arrecadou R$ 12,00 por dia de trabalho. Desse valor, ele usou R$ 15,00 para comprar água e doces para vender na semana seguinte e o que sobrou ele deu para seus três irmãos. Quanto cada irmão de Thiago recebeu?","Thiago tem um gasto de 15 reais e ganha 12 reais por dia, e tem 3 irmãos.","Calcular o total ganho na semana, subtrair o gasto com compras e dividir o valor restante por 3.",12 x 5 = 60; 60 - 15 = 45; 45 / 3 = 15,"Cada irmão recebeu R$15,00."
Estudante 35,7,"Thiago é um pequeno comerciante. Ele trabalha de segunda a sexta-feira vendendo água e doces. Na semana passada, ele arrecadou R$ 12,00 por dia de trabalho. Desse valor, ele usou R$ 15,00 para comprar água e doces para vender na semana seguinte e o que sobrou ele deu para seus três irmãos. Quanto cada irmão de Thiago recebeu?","Thiago vende água e doces, ganha 12 reais por dia, gasta 15 e divide o resto.","Calcular o total ganho na semana, subtrair o gasto com compras e dividir o valor restante por 3.",12 x 5 = 60; 60 - 15 = 45; 45 / 3 = 15,"Cada irmão recebeu R$15,00."
Estudante 36,8,"Thiago é um pequeno comerciante. Ele trabalha de segunda a sexta-feira vendendo água e doces. Na semana passada, ele arrecadou R$ 12,00 por dia de trabalho. Desse valor, ele usou R$ 15,00 para comprar água e doces para vender na semana seguinte e o que sobrou ele deu para seus três irmãos. Quanto cada irmão de Thiago recebeu?",Thiago ganha 12 reais por dia de segunda a sexta e gasta 15 reais para comprar água e doces e divide o que sobra entre seus 3 irmãos.,"Ver quanto ele ganha, tirar o gasto e dividir.",12 x 5 = 60; 60 - 15 = 45; 45 / 3 = 15,"Cada irmão recebeu R$15,00."
Estudante 37,8,"Thiago é um pequeno comerciante. Ele trabalha de segunda a sexta-feira vendendo água e doces. Na semana passada, ele arrecadou R$ 12,00 por dia de trabalho. Desse valor, ele usou R$ 15,00 para comprar água e doces para vender na semana seguinte e o que sobrou ele deu para seus três irmãos. Quanto cada irmão de Thiago recebeu?","Thiago trabalha 5 dias na semana e ganha 12 reais por dia, gasta 15 reais para comprar água e doces e divide o que sobra entre seus 3 irmãos.","Multiplicar 12 por 5, subtrair 15 e dividir por 3.","12 + 5 = 17; 17 - 15 = 2; 2 / 3 = 0,66","Cada irmão recebeu -R$1,00."
Estudante 38,6,"Thiago é um pequeno comerciante. Ele trabalha de segunda a sexta-feira vendendo água e doces. Na semana passada, ele arrecadou R$ 12,00 por dia de trabalho. Desse valor, ele usou R$ 15,00 para comprar água e doces para vender na semana seguinte e o que sobrou ele deu para seus três irmãos. Quanto cada irmão de Thiago recebeu?","Thiago trabalha 5 dias na semana e ganha 12 reais por dia, gasta 15 reais para comprar água e doces e divide o que sobra entre seus 3 irmãos.","Calcular o total ganho na semana, subtrair o gasto com compras e dividir o valor restante por 3.",12 x 5 = 60; 60 - 15 = 45; 45 / 3 = 15,"Cada irmão recebeu R$15,00."
Estudante 39,9,"Thiago é um pequeno comerciante. Ele trabalha de segunda a sexta-feira vendendo água e doces. Na semana passada, ele arrecadou R$ 12,00 por dia de trabalho. Desse valor, ele usou R$ 15,00 para comprar água e doces para vender na semana seguinte e o que sobrou ele deu para seus três irmãos. Quanto cada irmão de Thiago recebeu?","Thiago trabalha 5 dias na semana e ganha 12 reais por dia, gasta 15 reais para comprar água e doces e divide o que sobra entre seus 3 irmãos.","Somar tudo, tirar 15 e dividir por 3.",12 x 5 = 60; 60 - 15 = 45; 45 / 3 = 15,"Cada irmão recebeu R$15,00."
Estudante 40,8,"Thiago é um pequeno comerciante. Ele trabalha de segunda a sexta-feira vendendo água e doces. Na semana passada, ele arrecadou R$ 12,00 por dia de trabalho. Desse valor, ele usou R$ 15,00 para comprar água e doces para vender na semana seguinte e o que sobrou ele deu para seus três irmãos. Quanto cada irmão de Thiago recebeu?","Thiago vende água e doces, ganha 12 reais por dia, gasta 15 e divide o resto.","Ver quanto ele ganha, tirar o gasto e dividir.",12 x 5 = 60; 60 - 15 = 45; 45 / 3 = 15,"Cada irmão recebeu R$15,00."
Estudante 41,9,"Thiago é um pequeno comerciante. Ele trabalha de segunda a sexta-feira vendendo água e doces. Na semana passada, ele arrecadou R$ 12,00 por dia de trabalho. Desse valor, ele usou R$ 15,00 para comprar água e doces para vender na semana seguinte e o que sobrou ele deu para seus três irmãos. Quanto cada irmão de Thiago recebeu?","Thiago trabalha 5 dias na semana e ganha 12 reais por dia, gasta 15 reais para comprar água e doces e divide o que sobra entre seus 3 irmãos.","Calcular o total ganho na semana, subtrair o gasto com compras e dividir o valor restante por 3.","12 + 5 = 17; 17 - 15 = 2; 2 / 3 = 0,66","Cada irmão recebeu R$15,00."
Estudante 42,9,"Thiago é um pequeno comerciante. Ele trabalha de segunda a sexta-feira vendendo água e doces. Na semana passada, ele arrecadou R$ 12,00 por dia de trabalho. Desse valor, ele usou R$ 15,00 para comprar água e doces para vender na semana seguinte e o que sobrou ele deu para seus três irmãos. Quanto cada irmão de Thiago recebeu?","Thiago trabalha 5 dias na semana e ganha 12 reais por dia, gasta 15 reais para comprar água e doces e divide o que sobra entre seus 3 irmãos.","Calcular o total ganho na semana, subtrair o gasto com compras e dividir o valor restante por 3.",12 x 5 = 60; 60 - 15 = 45; 45 / 3 = 15,"Cada irmão recebeu R$0,66."
Estudante 43,7,"Thiago é um pequeno comerciante. Ele trabalha de segunda a sexta-feira vendendo água e doces. Na semana passada, ele arrecadou R$ 12,00 por dia de trabalho. Desse valor, ele usou R$ 15,00 para comprar água e doces para vender na semana seguinte e o que sobrou ele deu para seus três irmãos. Quanto cada irmão de Thiago recebeu?","Thiago trabalha 5 dias, ganha 12 por dia, tira 15 e divide o que sobra por 3.","Calcular o total ganho na semana, subtrair o gasto com compras e dividir o valor restante por 3.",12 x 5 = 60; 60 - 15 = 45; 45 / 3 = 15,"Cada irmão recebeu R$15,00."
Estudante 44,6,"Thiago é um pequeno comerciante. Ele trabalha de segunda a sexta-feira vendendo água e doces. Na semana passada, ele arrecadou R$ 12,00 por dia de trabalho. Desse valor, ele usou R$ 15,00 para comprar água e doces para vender na semana seguinte e o que sobrou ele deu para seus três irmãos. Quanto cada irmão de Thiago recebeu?","Thiago vende água e doces, ganha 12 reais por dia, gasta 15 e divide o resto.","Somar tudo, tirar 15 e dividir por 3.",12 x 5 = 60; 60 - 15 = 45; 45 / 3 = 15,"Cada irmão recebeu R$0,66."
Estudante 45,9,"Thiago é um pequeno comerciante. Ele trabalha de segunda a sexta-feira vendendo água e doces. Na semana passada, ele arrecadou R$ 12,00 por dia de trabalho. Desse valor, ele usou R$ 15,00 para comprar água e doces para vender na semana seguinte e o que sobrou ele deu para seus três irmãos. Quanto cada irmão de Thiago recebeu?","Thiago vende água e doces, ganha 12 reais por dia, gasta 15 e divide o resto.","Calcular o total ganho na semana, subtrair o gasto com compras e dividir o valor restante por 3.","12 + 5 = 17; 17 - 15 = 2; 2 / 3 = 0,66","Cada irmão recebeu R$15,00."
Estudante 46,7,"Thiago é um pequeno comerciante. Ele trabalha de segunda a sexta-feira vendendo água e doces. Na semana passada, ele arrecadou R$ 12,00 por dia de trabalho. Desse valor, ele usou R$ 15,00 para comprar água e doces para vender na semana seguinte e o que sobrou ele deu para seus três irmãos. Quanto cada irmão de Thiago recebeu?","Thiago vende água e doces, ganha 12 reais por dia, gasta 15 e divide o resto.","Multiplicar 12 por 5, subtrair 15 e dividir por 3.","12 + 5 = 17; 17 - 15 = 2; 2 / 3 = 0,66","Cada irmão recebeu R$15,00."
Estudante 47,8,"Thiago é um pequeno comerciante. Ele trabalha de segunda a sexta-feira vendendo água e doces. Na semana passada, ele arrecadou R$ 12,00 por dia de trabalho. Desse valor, ele usou R$ 15,00 para comprar água e doces para vender na semana seguinte e o que sobrou ele deu para seus três irmãos. Quanto cada irmão de Thiago recebeu?","Thiago trabalha 5 dias na semana e ganha 12 reais por dia, gasta 15 reais para comprar água e doces e divide o que sobra entre seus 3 irmãos.","Calcular o total ganho na semana, subtrair o gasto com compras e dividir o valor restante por 3.",12 x 5 = 60; 60 - 15 = 45; 45 / 3 = 15,"Cada irmão recebeu -R$1,00."
Estudante 48,8,"Thiago é um pequeno comerciante. Ele trabalha de segunda a sexta-feira vendendo água e doces. Na semana passada, ele arrecadou R$ 12,00 por dia de trabalho. Desse valor, ele usou R$ 15,00 para comprar água e doces para vender na semana seguinte e o que sobrou ele deu para seus três irmãos. Quanto cada irmão de Thiago recebeu?","Thiago trabalha 5 dias na semana e ganha 12 reais por dia, gasta 15 reais para comprar água e doces e divide o que sobra entre seus 3 irmãos.","Ver quanto ele ganha, tirar o gasto e dividir.",12 x 5 = 60; 60 - 15 = 45; 45 / 3 = 15,"Cada irmão recebeu R$15,00."
Estudante 49,7,"Thiago é um pequeno comerciante. Ele trabalha de segunda a sexta-feira vendendo água e doces. Na semana passada, ele arrecadou R$ 12,00 por dia de trabalho. Desse valor, ele usou R$ 15,00 para comprar água e doces para vender na semana seguinte e o que sobrou ele deu para seus três irmãos. Quanto cada irmão de Thiago recebeu?","Thiago trabalha 5 dias, ganha 12 por dia, tira 15 e divide o que sobra por 3.","Ver quanto ele ganha, tirar o gasto e dividir.",12 x 5 = 60; 60 - 15 = 45; 45 / 3 = 15,"Cada irmão recebeu R$15,00."
Estudante 50,7,"Thiago é um pequeno comerciante. Ele trabalha de segunda a sexta-feira vendendo água e doces. Na semana passada, ele arrecadou R$ 12,00 por dia de trabalho. Desse valor, ele usou R$ 15,00 para comprar água e doces para vender na semana seguinte e o que sobrou ele deu para seus três irmãos. Quanto cada irmão de Thiago recebeu?",Thiago ganha 12 reais por dia de segunda a sexta e gasta 15 reais para comprar água e doces e divide o que sobra entre seus 3 irmãos.,"Calcular o total ganho na semana, subtrair o gasto com compras e dividir o valor restante por 3.",12 - 15 = -3; -3 / 3 = -1,"Cada irmão recebeu R$15,00."
Estudante 51,9,"Thiago é um pequeno comerciante. Ele trabalha de segunda a sexta-feira vendendo água e doces. Na semana passada, ele arrecadou R$ 12,00 por dia de trabalho. Desse valor, ele usou R$ 15,00 para comprar água e doces para vender na semana seguinte e o que sobrou ele deu para seus três irmãos. Quanto cada irmão de Thiago recebeu?","Thiago trabalha 5 dias, ganha 12 por dia, tira 15 e divide o que sobra por 3.","Calcular o total ganho na semana, subtrair o gasto com compras e dividir o valor restante por 3.",12 - 15 = -3; -3 / 3 = -1,"Cada irmão recebeu R$15,00."
Estudante 52,7,"Thiago é um pequeno comerciante. Ele trabalha de segunda a sexta-feira vendendo água e doces. Na semana passada, ele arrecadou R$ 12,00 por dia de trabalho. Desse valor, ele usou R$ 15,00 para comprar água e doces para vender na semana seguinte e o que sobrou ele deu para seus três irmãos. Quanto cada irmão de Thiago recebeu?","Thiago trabalha 5 dias na semana e ganha 12 reais por dia, gasta 15 reais para comprar água e doces e divide o que sobra entre seus 3 irmãos.","Ver quanto ele ganha, tirar o gasto e dividir.",12 x 5 = 60; 60 - 15 = 45; 45 / 3 = 15,"Cada irmão recebeu R$15,00."
Estudante 53,6,"Thiago é um pequeno comerciante. Ele trabalha de segunda a sexta-feira vendendo água e doces. Na semana passada, ele arrecadou R$ 12,00 por dia de trabalho. Desse valor, ele usou R$ 15,00 para comprar água e doces para vender na semana seguinte e o que sobrou ele deu para seus três irmãos. Quanto cada irmão de Thiago recebeu?","Thiago vende água e doces, ganha 12 reais por dia, gasta 15 e divide o resto.","Ver quanto ele ganha, tirar o gasto e dividir.",12 x 5 = 60; 60 - 15 = 45; 45 / 3 = 15,"Cada irmão recebeu -R$1,00."
Estudante 54,9,"Thiago é um pequeno comerciante. Ele trabalha de segunda a sexta-feira vendendo água e doces. Na semana passada, ele arrecadou R$ 12,00 por dia de trabalho. Desse valor, ele usou R$ 15,00 para comprar água e doces para vender na semana seguinte e o que sobrou ele deu para seus três irmãos. Quanto cada irmão de Thiago recebeu?","Thiago vende água e doces, ganha 12 reais por dia, gasta 15 e divide o resto.","Calcular o total ganho na semana, subtrair o gasto com compras e dividir o valor restante por 3.",12 - 15 = -3; -3 / 3 = -1,"Cada irmão recebeu R$15,00."
Estudante 55,7,"Thiago é um pequeno comerciante. Ele trabalha de segunda a sexta-feira vendendo água e doces. Na semana passada, ele arrecadou R$ 12,00 por dia de trabalho. Desse valor, ele usou R$ 15,00 para comprar água e doces para vender na semana seguinte e o que sobrou ele deu para seus três irmãos. Quanto cada irmão de Thiago recebeu?","Thiago trabalha 5 dias na semana e ganha 12 reais por dia, gasta 15 reais para comprar água e doces e divide o que sobra entre seus 3 irmãos.","Multiplicar 12 por 5, subtrair 15 e dividir por 3.",12 x 5 = 60; 60 - 15 = 45; 45 / 3 = 15,"Cada irmão recebeu R$15,00."
Estudante 56,8,"Thiago é um pequeno comerciante. Ele trabalha de segunda a sexta-feira vendendo água e doces. Na semana passada, ele arrecadou R$ 12,00 por dia de trabalho. Desse valor, ele usou R$ 15,00 para comprar água e doces para vender na semana seguinte e o que sobrou ele deu para seus três irmãos. Quanto cada irmão de Thiago recebeu?","Thiago trabalha 5 dias na semana e ganha 12 reais por dia, gasta 15 reais para comprar água e doces e divide o que sobra entre seus 3 irmãos.","Calcular o total ganho na semana, subtrair o gasto com compras e dividir o valor restante por 3.",12 x 5 = 60; 60 - 15 = 45; 45 / 3 = 15,"Cada irmão recebeu R$15,00."
Estudante 57,6,"Thiago é um pequeno comerciante. Ele trabalha de segunda a sexta-feira vendendo água e doces. Na semana passada, ele arrecadou R$ 12,00 por dia de trabalho. Desse valor, ele usou R$ 15,00 para comprar água e doces para vender na semana seguinte e o que sobrou ele deu para seus três irmãos. Quanto cada irmão de Thiago recebeu?","Thiago trabalha 5 dias na semana e ganha 12 reais por dia, gasta 15 reais para comprar água e doces e divide o que sobra entre seus 3 irmãos.","Calcular o total ganho na semana, subtrair o gasto com compras e dividir o valor restante por 3.",12 x 5 = 60; 60 - 15 = 45; 45 / 3 = 15,"Cada irmão recebeu -R$1,00."
Estudante 58,8,"Thiago é um pequeno comerciante. Ele trabalha de segunda a sexta-feira vendendo água e doces. Na semana passada, ele arrecadou R$ 12,00 por dia de trabalho. Desse valor, ele usou R$ 15,00 para comprar água e doces para vender na semana seguinte e o que sobrou ele deu para seus três irmãos. Quanto cada irmão de Thiago recebeu?","Thiago trabalha 5 dias na semana e ganha 12 reais por dia, gasta 15 reais para comprar água e doces e divide o que sobra entre seus 3 irmãos.","Ver quanto ele ganha, tirar o gasto e dividir.",12 - 15 = -3; -3 / 3 = -1,"Cada irmão recebeu R$15,00."
Estudante 59,8,"Thiago é um pequeno comerciante. Ele trabalha de segunda a sexta-feira vendendo água e doces. Na semana passada, ele arrecadou R$ 12,00 por dia de trabalho. Desse valor, ele usou R$ 15,00 para comprar água e doces para vender na semana seguinte e o que sobrou ele deu para seus três irmãos. Quanto cada irmão de Thiago recebeu?","Thiago trabalha 5 dias na semana e ganha 12 reais por dia, gasta 15 reais para comprar água e doces e divide o que sobra entre seus 3 irmãos.","Somar tudo, tirar 15 e dividir por 3.",12 - 15 = -3; -3 / 3 = -1,"Cada irmão recebeu R$15,00."
Estudante 60,8,"Thiago é um pequeno comerciante. Ele trabalha de segunda a sexta-feira vendendo água e doces. Na semana passada, ele arrecadou R$ 12,00 por dia de trabalho. Desse valor, ele usou R$ 15,00 para comprar água e doces para vender na semana seguinte e o que sobrou ele deu para seus três irmãos. Quanto cada irmão de Thiago recebeu?","Thiago trabalha 5 dias na semana e ganha 12 reais por dia, gasta 15 reais para comprar água e doces e divide o que sobra entre seus 3 irmãos.","Ver quanto ele ganha, tirar o gasto e dividir.","12 + 5 = 17; 17 - 15 = 2; 2 / 3 = 0,66","Cada irmão recebeu R$15,00."
Estudante 61,9,"Thiago é um pequeno comerciante. Ele trabalha de segunda a sexta-feira vendendo água e doces. Na semana passada, ele arrecadou R$ 12,00 por dia de trabalho. Desse valor, ele usou R$ 15,00 para comprar água e doces para vender na semana seguinte e o que sobrou ele deu para seus três irmãos. Quanto cada irmão de Thiago recebeu?","Thiago trabalha 5 dias na semana e ganha 12 reais por dia, gasta 15 reais para comprar água e doces e divide o que sobra entre seus 3 irmãos.","Multiplicar 12 por 5, subtrair 15 e dividir por 3.",12 - 15 = -3; -3 / 3 = -1,"Cada irmão recebeu R$15,00."
Estudante 62,9,"Thiago é um pequeno comerciante. Ele trabalha de segunda a sexta-feira vendendo água e doces. Na semana passada, ele arrecadou R$ 12,00 por dia de trabalho. Desse valor, ele usou R$ 15,00 para comprar água e doces para vender na semana seguinte e o que sobrou ele deu para seus três irmãos. Quanto cada irmão de Thiago recebeu?",Thiago ganha 12 reais por dia de segunda a sexta e gasta 15 reais para comprar água e doces e divide o que sobra entre seus 3 irmãos.,"Calcular o total ganho na semana, subtrair o gasto com compras e dividir o valor restante por 3.",12 x 5 = 60; 60 - 15 = 45; 45 / 3 = 15,"Cada irmão recebeu R$15,00."
Estudante 63,9,"Thiago é um pequeno comerciante. Ele trabalha de segunda a sexta-feira vendendo água e doces. Na semana passada, ele arrecadou R$ 12,00 por dia de trabalho. Desse valor, ele usou R$ 15,00 para comprar água e doces para vender na semana seguinte e o que sobrou ele deu para seus três irmãos. Quanto cada irmão de Thiago recebeu?",Thiago ganha 12 reais por dia de segunda a sexta e gasta 15 reais para comprar água e doces e divide o que sobra entre seus 3 irmãos.,"Ver quanto ele ganha, tirar o gasto e dividir.","12 + 5 = 17; 17 - 15 = 2; 2 / 3 = 0,66","Cada irmão recebeu R$15,00."
Estudante 64,9,"Thiago é um pequeno comerciante. Ele trabalha de segunda a sexta-feira vendendo água e doces. Na semana passada, ele arrecadou R$ 12,00 por dia de trabalho. Desse valor, ele usou R$ 15,00 para comprar água e doces para vender na semana seguinte e o que sobrou ele deu para seus três irmãos. Quanto cada irmão de Thiago recebeu?",Thiago ganha 12 reais por dia de segunda a sexta e gasta 15 reais para comprar água e doces e divide o que sobra entre seus 3 irmãos.,"Calcular o total ganho na semana, subtrair o gasto com compras e dividir o valor restante por 3.","12 + 5 = 17; 17 - 15 = 2; 2 / 3 = 0,66","Cada irmão recebeu R$15,00."
Estudante 65,7,"Thiago é um pequeno comerciante. Ele trabalha de segunda a sexta-feira vendendo água e doces. Na semana passada, ele arrecadou R$ 12,00 por dia de trabalho. Desse valor, ele usou R$ 15,00 para comprar água e doces para vender na semana seguinte e o que sobrou ele deu para seus três irmãos. Quanto cada irmão de Thiago recebeu?","Thiago trabalha 5 dias na semana e ganha 12 reais por dia, gasta 15 reais para comprar água e doces e divide o que sobra entre seus 3 irmãos.","Somar tudo, tirar 15 e dividir por 3.",12 - 15 = -3; -3 / 3 = -1,"Cada irmão recebeu R$0,66."
Estudante 66,8,"Thiago é um pequeno comerciante. Ele trabalha de segunda a sexta-feira vendendo água e doces. Na semana passada, ele arrecadou R$ 12,00 por dia de trabalho. Desse valor, ele usou R$ 15,00 para comprar água e doces para vender na semana seguinte e o que sobrou ele deu para seus três irmãos. Quanto cada irmão de Thiago recebeu?","Thiago tem um gasto de 15 reais e ganha 12 reais por dia, e tem 3 irmãos.","Somar tudo, tirar 15 e dividir por 3.",12 x 5 = 60; 60 - 15 = 45; 45 / 3 = 15,"Cada irmão recebeu R$15,00."
Estudante 67,6,"Thiago é um pequeno comerciante. Ele trabalha de segunda a sexta-feira vendendo água e doces. Na semana passada, ele arrecadou R$ 12,00 por dia de trabalho. Desse valor, ele usou R$ 15,00 para comprar água e doces para vender na semana seguinte e o que sobrou ele deu para seus três irmãos. Quanto cada irmão de Thiago recebeu?","Thiago tem um gasto de 15 reais e ganha 12 reais por dia, e tem 3 irmãos.","Calcular o total ganho na semana, subtrair o gasto com compras e dividir o valor restante por 3.",12 x 5 = 60; 60 - 15 = 45; 45 / 3 = 15,"Cada irmão recebeu R$15,00."
Estudante 68,8,"Thiago é um pequeno comerciante. Ele trabalha de segunda a sexta-feira vendendo água e doces. Na semana passada, ele arrecadou R$ 12,00 por dia de trabalho. Desse valor, ele usou R$ 15,00 para comprar água e doces para vender na semana seguinte e o que sobrou ele deu para seus três irmãos. Quanto cada irmão de Thiago recebeu?",Thiago ganha 12 reais por dia de segunda a sexta e gasta 15 reais para comprar água e doces e divide o que sobra entre seus 3 irmãos.,"Calcular o total ganho na semana, subtrair o gasto com compras e dividir o valor restante por 3.",12 - 15 = -3; -3 / 3 = -1,"Cada irmão recebeu R$0,66."
Estudante 69,9,"Thiago é um pequeno comerciante. Ele trabalha de segunda a sexta-feira vendendo água e doces. Na semana passada, ele arrecadou R$ 12,00 por dia de trabalho. Desse valor, ele usou R$ 15,00 para comprar água e doces para vender na semana seguinte e o que sobrou ele deu para seus três irmãos. Quanto cada irmão de Thiago recebeu?",Thiago ganha 12 reais por dia de segunda a sexta e gasta 15 reais para comprar água e doces e divide o que sobra entre seus 3 irmãos.,"Calcular o total ganho na semana, subtrair o gasto com compras e dividir o valor restante por 3.","12 + 5 = 17; 17 - 15 = 2; 2 / 3 = 0,66","Cada irmão recebeu R$15,00."
Estudante 70,7,"Thiago é um pequeno comerciante. Ele trabalha de segunda a sexta-feira vendendo água e doces. Na semana passada, ele arrecadou R$ 12,00 por dia de trabalho. Desse valor, ele usou R$ 15,00 para comprar água e doces para vender na semana seguinte e o que sobrou ele deu para seus três irmãos. Quanto cada irmão de Thiago recebeu?","Thiago vende água e doces, ganha 12 reais por dia, gasta 15 e divide o resto.","Somar tudo, tirar 15 e dividir por 3.","12 + 5 = 17; 17 - 15 = 2; 2 / 3 = 0,66","Cada irmão recebeu R$15,00."
Estudante 71,6,"Thiago é um pequeno comerciante. Ele trabalha de segunda a sexta-feira vendendo água e doces. Na semana passada, ele arrecadou R$ 12,00 por dia de trabalho. Desse valor, ele usou R$ 15,00 para comprar água e doces para vender na semana seguinte e o que sobrou ele deu para seus três irmãos. Quanto cada irmão de Thiago recebeu?","Thiago tem um gasto de 15 reais e ganha 12 reais por dia, e tem 3 irmãos.","Calcular o total ganho na semana, subtrair o gasto com compras e dividir o valor restante por 3.",12 x 5 = 60; 60 - 15 = 45; 45 / 3 = 15,"Cada irmão recebeu R$15,00."
Estudante 72,6,"Thiago é um pequeno comerciante. Ele trabalha de segunda a sexta-feira vendendo água e doces. Na semana passada, ele arrecadou R$ 12,00 por dia de trabalho. Desse valor, ele usou R$ 15,00 para comprar água e doces para vender na semana seguinte e o que sobrou ele deu para seus três irmãos. Quanto cada irmão de Thiago recebeu?","Thiago trabalha 5 dias na semana e ganha 12 reais por dia, gasta 15 reais para comprar água e doces e divide o que sobra entre seus 3 irmãos.","Ver quanto ele ganha, tirar o gasto e dividir.",12 x 5 = 60; 60 - 15 = 45; 45 / 3 = 15,"Cada irmão recebeu R$0,66."
Estudante 73,6,"Thiago é um pequeno comerciante. Ele trabalha de segunda a sexta-feira vendendo água e doces. Na semana passada, ele arrecadou R$ 12,00 por dia de trabalho. Desse valor, ele usou R$ 15,00 para comprar água e doces para vender na semana seguinte e o que sobrou ele deu para seus três irmãos. Quanto cada irmão de Thiago recebeu?","Thiago trabalha 5 dias, ganha 12 por dia, tira 15 e divide o que sobra por 3.","Multiplicar 12 por 5, subtrair 15 e dividir por 3.",12 x 5 = 60; 60 - 15 = 45; 45 / 3 = 15,"Cada irmão recebeu R$15,00."
Estudante 74,7,"Thiago é um pequeno comerciante. Ele trabalha de segunda a sexta-feira vendendo água e doces. Na semana passada, ele arrecadou R$ 12,00 por dia de trabalho. Desse valor, ele usou R$ 15,00 para comprar água e doces para vender na semana seguinte e o que sobrou ele deu para seus três irmãos. Quanto cada irmão de Thiago recebeu?","Thiago tem um gasto de 15 reais e ganha 12 reais por dia, e tem 3 irmãos.","Ver quanto ele ganha, tirar o gasto e dividir.",12 x 5 = 60; 60 - 15 = 45; 45 / 3 = 15,"Cada irmão recebeu R$0,66."
Estudante 75,9,"Thiago é um pequeno comerciante. Ele trabalha de segunda a sexta-feira vendendo água e doces. Na semana passada, ele arrecadou R$ 12,00 por dia de trabalho. Desse valor, ele usou R$ 15,00 para comprar água e doces para vender na semana seguinte e o que sobrou ele deu para seus três irmãos. Quanto cada irmão de Thiago recebeu?","Thiago tem um gasto de 15 reais e ganha 12 reais por dia, e tem 3 irmãos.","Calcular o total ganho na semana, subtrair o gasto com compras e dividir o valor restante por 3.","12 + 5 = 17; 17 - 15 = 2; 2 / 3 = 0,66","Cada irmão recebeu -R$1,00."
Estudante 76,7,"Thiago é um pequeno comerciante. Ele trabalha de segunda a sexta-feira vendendo água e doces. Na semana passada, ele arrecadou R$ 12,00 por dia de trabalho. Desse valor, ele usou R$ 15,00 para comprar água e doces para vender na semana seguinte e o que sobrou ele deu para seus três irmãos. Quanto cada irmão de Thiago recebeu?","Thiago trabalha 5 dias, ganha 12 por dia, tira 15 e divide o que sobra por 3.","Somar tudo, tirar 15 e dividir por 3.","12 + 5 = 17; 17 - 15 = 2; 2 / 3 = 0,66","Cada irmão recebeu R$15,00."
Estudante 77,9,"Thiago é um pequeno comerciante. Ele trabalha de segunda a sexta-feira vendendo água e doces. Na semana passada, ele arrecadou R$ 12,00 por dia de trabalho. Desse valor, ele usou R$ 15,00 para comprar água e doces para vender na semana seguinte e o que sobrou ele deu para seus três irmãos. Quanto cada irmão de Thiago recebeu?","Thiago trabalha 5 dias na semana e ganha 12 reais por dia, gasta 15 reais para comprar água e doces e divide o que sobra entre seus 3 irmãos.","Calcular o total ganho na semana, subtrair o gasto com compras e dividir o valor restante por 3.",12 - 15 = -3; -3 / 3 = -1,"Cada irmão recebeu R$0,66."
Estudante 78,8,"Thiago é um pequeno comerciante. Ele trabalha de segunda a sexta-feira vendendo água e doces. Na semana passada, ele arrecadou R$ 12,00 por dia de trabalho. Desse valor, ele usou R$ 15,00 para comprar água e doces para vender na semana seguinte e o que sobrou ele deu para seus três irmãos. Quanto cada irmão de Thiago recebeu?","Thiago tem um gasto de 15 reais e ganha 12 reais por dia, e tem 3 irmãos.","Multiplicar 12 por 5, subtrair 15 e dividir por 3.","12 + 5 = 17; 17 - 15 = 2; 2 / 3 = 0,66","Cada irmão recebeu R$15,00."
Estudante 79,9,"Thiago é um pequeno comerciante. Ele trabalha de segunda a sexta-feira vendendo água e doces. Na semana passada, ele arrecadou R$ 12,00 por dia de trabalho. Desse valor, ele usou R$ 15,00 para comprar água e doces para vender na semana seguinte e o que sobrou ele deu para seus três irmãos. Quanto cada irmão de Thiago recebeu?","Thiago vende água e doces, ganha 12 reais por dia, gasta 15 e divide o resto.","Calcular o total ganho na semana, subtrair o gasto com compras e dividir o valor restante por 3.",12 x 5 = 60; 60 - 15 = 45; 45 / 3 = 15,"Cada irmão recebeu R$15,00."
Estudante 80,6,"Thiago é um pequeno comerciante. Ele trabalha de segunda a sexta-feira vendendo água e doces. Na semana passada, ele arrecadou R$ 12,00 por dia de trabalho. Desse valor, ele usou R$ 15,00 para comprar água e doces para vender na semana seguinte e o que sobrou ele deu para seus três irmãos. Quanto cada irmão de Thiago recebeu?","Thiago trabalha 5 dias na semana e ganha 12 reais por dia, gasta 15 reais para comprar água e doces e divide o que sobra entre seus 3 irmãos.","Multiplicar 12 por 5, subtrair 15 e dividir por 3.",12 - 15 = -3; -3 / 3 = -1,"Cada irmão recebeu -R$1,00."
Estudante 81,7,"Thiago é um pequeno comerciante. Ele trabalha de segunda a sexta-feira vendendo água e doces. Na semana passada, ele arrecadou R$ 12,00 por dia de trabalho. Desse valor, ele usou R$ 15,00 para comprar água e doces para vender na semana seguinte e o que sobrou ele deu para seus três irmãos. Quanto cada irmão de Thiago recebeu?",Thiago ganha 12 reais por dia de segunda a sexta e gasta 15 reais para comprar água e doces e divide o que sobra entre seus 3 irmãos.,"Ver quanto ele ganha, tirar o gasto e dividir.","12 + 5 = 17; 17 - 15 = 2; 2 / 3 = 0,66","Cada irmão recebeu R$15,00."
Estudante 82,7,"Thiago é um pequeno comerciante. Ele trabalha de segunda a sexta-feira vendendo água e doces. Na semana passada, ele arrecadou R$ 12,00 por dia de trabalho. Desse valor, ele usou R$ 15,00 para comprar água e doces para vender na semana seguinte e o que sobrou ele deu para seus três irmãos. Quanto cada irmão de Thiago recebeu?","Thiago trabalha 5 dias na semana e ganha 12 reais por dia, gasta 15 reais para comprar água e doces e divide o que sobra entre seus 3 irmãos.","Multiplicar 12 por 5, subtrair 15 e dividir por 3.",12 x 5 = 60; 60 - 15 = 45; 45 / 3 = 15,"Cada irmão recebeu R$0,66."
Estudante 83,9,"Thiago é um pequeno comerciante. Ele trabalha de segunda a sexta-feira vendendo água e doces. Na semana passada, ele arrecadou R$ 12,00 por dia de trabalho. Desse valor, ele usou R$ 15,00 para comprar água e doces para vender na semana seguinte e o que sobrou ele deu para seus três irmãos. Quanto cada irmão de Thiago recebeu?","Thiago trabalha 5 dias na semana e ganha 12 reais por dia, gasta 15 reais para comprar água e doces e divide o que sobra entre seus 3 irmãos.","Somar tudo, tirar 15 e dividir por 3.",12 - 15 = -3; -3 / 3 = -1,"Cada irmão recebeu R$15,00."
Estudante 84,8,"Thiago é um pequeno comerciante. Ele trabalha de segunda a sexta-feira vendendo água e doces. Na semana passada, ele arrecadou R$ 12,00 por dia de trabalho. Desse valor, ele usou R$ 15,00 para comprar água e doces para vender na semana seguinte e o que sobrou ele deu para seus três irmãos. Quanto cada irmão de Thiago recebeu?","Thiago trabalha 5 dias, ganha 12 por dia, tira 15 e divide o que sobra por 3.","Calcular o total ganho na semana, subtrair o gasto com compras e dividir o valor restante por 3.","12 + 5 = 17; 17 - 15 = 2; 2 / 3 = 0,66","Cada irmão recebeu R$0,66."
Estudante 85,6,"Thiago é um pequeno comerciante. Ele trabalha de segunda a sexta-feira vendendo água e doces. Na semana passada, ele arrecadou R$ 12,00 por dia de trabalho. Desse valor, ele usou R$ 15,00 para comprar água e doces para vender na semana seguinte e o que sobrou ele deu para seus três irmãos. Quanto cada irmão de Thiago recebeu?","Thiago vende água e doces, ganha 12 reais por dia, gasta 15 e divide o resto.","Somar tudo, tirar 15 e dividir por 3.",12 - 15 = -3; -3 / 3 = -1,"Cada irmão recebeu R$0,66."
Estudante 86,8,"Thiago é um pequeno comerciante. Ele trabalha de segunda a sexta-feira vendendo água e doces. Na semana passada, ele arrecadou R$ 12,00 por dia de trabalho. Desse valor, ele usou R$ 15,00 para comprar água e doces para vender na semana seguinte e o que sobrou ele deu para seus três irmãos. Quanto cada irmão de Thiago recebeu?","Thiago tem um gasto de 15 reais e ganha 12 reais por dia, e tem 3 irmãos.","Calcular o total ganho na semana, subtrair o gasto com compras e dividir o valor restante por 3.","12 + 5 = 17; 17 - 15 = 2; 2 / 3 = 0,66","Cada irmão recebeu R$0,66."
Estudante 87,7,"Thiago é um pequeno comerciante. Ele trabalha de segunda a sexta-feira vendendo água e doces. Na semana passada, ele arrecadou R$ 12,00 por dia de trabalho. Desse valor, ele usou R$ 15,00 para comprar água e doces para vender na semana seguinte e o que sobrou ele deu para seus três irmãos. Quanto cada irmão de Thiago recebeu?","Thiago trabalha 5 dias, ganha 12 por dia, tira 15 e divide o que sobra por 3.","Somar tudo, tirar 15 e dividir por 3.",12 x 5 = 60; 60 - 15 = 45; 45 / 3 = 15,"Cada irmão recebeu R$15,00."
Estudante 88,6,"Thiago é um pequeno comerciante. Ele trabalha de segunda a sexta-feira vendendo água e doces. Na semana passada, ele arrecadou R$ 12,00 por dia de trabalho. Desse valor, ele usou R$ 15,00 para comprar água e doces para vender na semana seguinte e o que sobrou ele deu para seus três irmãos. Quanto cada irmão de Thiago recebeu?","Thiago tem um gasto de 15 reais e ganha 12 reais por dia, e tem 3 irmãos.","Multiplicar 12 por 5, subtrair 15 e dividir por 3.","12 + 5 = 17; 17 - 15 = 2; 2 / 3 = 0,66","Cada irmão recebeu R$15,00."
Estudante 89,7,"Thiago é um pequeno comerciante. Ele trabalha de segunda a sexta-feira vendendo água e doces. Na semana passada, ele arrecadou R$ 12,00 por dia de trabalho. Desse valor, ele usou R$ 15,00 para comprar água e doces para vender na semana seguinte e o que sobrou ele deu para seus três irmãos. Quanto cada irmão de Thiago recebeu?","Thiago trabalha 5 dias na semana e ganha 12 reais por dia, gasta 15 reais para comprar água e doces e divide o que sobra entre seus 3 irmãos.","Ver quanto ele ganha, tirar o gasto e dividir.",12 - 15 = -3; -3 / 3 = -1,"Cada irmão recebeu R$0,66."
Estudante 90,8,"Thiago é um pequeno comerciante. Ele trabalha de segunda a sexta-feira vendendo água e doces. Na semana passada, ele arrecadou R$ 12,00 por dia de trabalho. Desse valor, ele usou R$ 15,00 para comprar água e doces para vender na semana seguinte e o que sobrou ele deu para seus três irmãos. Quanto cada irmão de Thiago recebeu?","Thiago tem um gasto de 15 reais e ganha 12 reais por dia, e tem 3 irmãos.","Ver quanto ele ganha, tirar o gasto e dividir.","12 + 5 = 17; 17 - 15 = 2; 2 / 3 = 0,66","Cada irmão recebeu R$15,00."
Estudante 91,8,"Thiago é um pequeno comerciante. Ele trabalha de segunda a sexta-feira vendendo água e doces. Na semana passada, ele arrecadou R$ 12,00 por dia de trabalho. Desse valor, ele usou R$ 15,00 para comprar água e doces para vender na semana seguinte e o que sobrou ele deu para seus três irmãos. Quanto cada irmão de Thiago recebeu?",Thiago ganha 12 reais por dia de segunda a sexta e gasta 15 reais para comprar água e doces e divide o que sobra entre seus 3 irmãos.,"Somar tudo, tirar 15 e dividir por 3.",12 x 5 = 60; 60 - 15 = 45; 45 / 3 = 15,"Cada irmão recebeu -R$1,00."
Estudante 92,9,"Thiago é um pequeno comerciante. Ele trabalha de segunda a sexta-feira vendendo água e doces. Na semana passada, ele arrecadou R$ 12,00 por dia de trabalho. Desse valor, ele usou R$ 15,00 para comprar água e doces para vender na semana seguinte e o que sobrou ele deu para seus três irmãos. Quanto cada irmão de Thiago recebeu?","Thiago tem um gasto de 15 reais e ganha 12 reais por dia, e tem 3 irmãos.","Calcular o total ganho na semana, subtrair o gasto com compras e dividir o valor restante por 3.",12 x 5 = 60; 60 - 15 = 45; 45 / 3 = 15,"Cada irmão recebeu R$15,00."
Estudante 93,6,"Thiago é um pequeno comerciante. Ele trabalha de segunda a sexta-feira vendendo água e doces. Na semana passada, ele arrecadou R$ 12,00 por dia de trabalho. Desse valor, ele usou R$ 15,00 para comprar água e doces para vender na semana seguinte e o que sobrou ele deu para seus três irmãos. Quanto cada irmão de Thiago recebeu?","Thiago trabalha 5 dias na semana e ganha 12 reais por dia, gasta 15 reais para comprar água e doces e divide o que sobra entre seus 3 irmãos.","Calcular o total ganho na semana, subtrair o gasto com compras e dividir o valor restante por 3.",12 x 5 = 60; 60 - 15 = 45; 45 / 3 = 15,"Cada irmão recebeu R$15,00."
Estudante 94,8,"Thiago é um pequeno comerciante. Ele trabalha de segunda a sexta-feira vendendo água e doces. Na semana passada, ele arrecadou R$ 12,00 por dia de trabalho. Desse valor, ele usou R$ 15,00 para comprar água e doces para vender na semana seguinte e o que sobrou ele deu para seus três irmãos. Quanto cada irmão de Thiago recebeu?","Thiago vende água e doces, ganha 12 reais por dia, gasta 15 e divide o resto.","Ver quanto ele ganha, tirar o gasto e dividir.",12 x 5 = 60; 60 - 15 = 45; 45 / 3 = 15,"Cada irmão recebeu -R$1,00."
Estudante 95,7,"Thiago é um pequeno comerciante. Ele trabalha de segunda a sexta-feira vendendo água e doces. Na semana passada, ele arrecadou R$ 12,00 por dia de trabalho. Desse valor, ele usou R$ 15,00 para comprar água e doces para vender na semana seguinte e o que sobrou ele deu para seus três irmãos. Quanto cada irmão de Thiago recebeu?","Thiago vende água e doces, ganha 12 reais por dia, gasta 15 e divide o resto.","Somar tudo, tirar 15 e dividir por 3.","12 + 5 = 17; 17 - 15 = 2; 2 / 3 = 0,66","Cada irmão recebeu R$15,00."
Estudante 96,6,"Thiago é um pequeno comerciante. Ele trabalha de segunda a sexta-feira vendendo água e doces. Na semana passada, ele arrecadou R$ 12,00 por dia de trabalho. Desse valor, ele usou R$ 15,00 para comprar água e doces para vender na semana seguinte e o que sobrou ele deu para seus três irmãos. Quanto cada irmão de Thiago recebeu?","Thiago trabalha 5 dias, ganha 12 por dia, tira 15 e divide o que sobra por 3.","Multiplicar 12 por 5, subtrair 15 e dividir por 3.",12 x 5 = 60; 60 - 15 = 45; 45 / 3 = 15,"Cada irmão recebeu R$15,00."
Estudante 97,6,"Thiago é um pequeno comerciante. Ele trabalha de segunda a sexta-feira vendendo água e doces. Na semana passada, ele arrecadou R$ 12,00 por dia de trabalho. Desse valor, ele usou R$ 15,00 para comprar água e doces para vender na semana seguinte e o que sobrou ele deu para seus três irmãos. Quanto cada irmão de Thiago recebeu?","Thiago trabalha 5 dias na semana e ganha 12 reais por dia, gasta 15 reais para comprar água e doces e divide o que sobra entre seus 3 irmãos.","Ver quanto ele ganha, tirar o gasto e dividir.",12 x 5 = 60; 60 - 15 = 45; 45 / 3 = 15,"Cada irmão recebeu R$0,66."
Estudante 98,7,"Thiago é um pequeno comerciante. Ele trabalha de segunda a sexta-feira vendendo água e doces. Na semana passada, ele arrecadou R$ 12,00 por dia de trabalho. Desse valor, ele usou R$ 15,00 para comprar água e doces para vender na semana seguinte e o que sobrou ele deu para seus três irmãos. Quanto cada irmão de Thiago recebeu?","Thiago vende água e doces, ganha 12 reais por dia, gasta 15 e divide o resto.","Calcular o total ganho na semana, subtrair o gasto com compras e dividir o valor restante por 3.",12 x 5 = 60; 60 - 15 = 45; 45 / 3 = 15,"Cada irmão recebeu R$0,66."
Estudante 99,6,"Thiago é um pequeno comerciante. Ele trabalha de segunda a sexta-feira vendendo água e doces. Na semana passada, ele arrecadou R$ 12,00 por dia de trabalho. Desse valor, ele usou R$ 15,00 para comprar água e doces para vender na semana seguinte e o que sobrou ele deu para seus três irmãos. Quanto cada irmão de Thiago recebeu?","Thiago trabalha 5 dias na semana e ganha 12 reais por dia, gasta 15 reais para comprar água e doces e divide o que sobra entre seus 3 irmãos.","Multiplicar 12 por 5, subtrair 15 e dividir por 3.","12 + 5 = 17; 17 - 15 = 2; 2 / 3 = 0,66","Cada irmão recebeu R$15,00."
Estudante 100,9,"Thiago é um pequeno comerciante. Ele trabalha de segunda a sexta-feira vendendo água e doces. Na semana passada, ele arrecadou R$ 12,00 por dia de trabalho. Desse valor, ele usou R$ 15,00 para comprar água e doces para vender na semana seguinte e o que sobrou ele deu para seus três irmãos. Quanto cada irmão de Thiago recebeu?","Thiago trabalha 5 dias, ganha 12 por dia, tira 15 e divide o que sobra por 3.","Ver quanto ele ganha, tirar o gasto e dividir.",12 x 5 = 60; 60 - 15 = 45; 45 / 3 = 15,"Cada irmão recebeu R$0,66."
